-- MySQL dump 10.13  Distrib 8.0.38, for Win64 (x86_64)
--
-- Host: localhost    Database: teamwork
-- ------------------------------------------------------
-- Server version	8.0.37

/*!40101 SET @OLD_CHARACTER_SET_CLIENT=@@CHARACTER_SET_CLIENT */;
/*!40101 SET @OLD_CHARACTER_SET_RESULTS=@@CHARACTER_SET_RESULTS */;
/*!40101 SET @OLD_COLLATION_CONNECTION=@@COLLATION_CONNECTION */;
/*!50503 SET NAMES utf8 */;
/*!40103 SET @OLD_TIME_ZONE=@@TIME_ZONE */;
/*!40103 SET TIME_ZONE='+00:00' */;
/*!40014 SET @OLD_UNIQUE_CHECKS=@@UNIQUE_CHECKS, UNIQUE_CHECKS=0 */;
/*!40014 SET @OLD_FOREIGN_KEY_CHECKS=@@FOREIGN_KEY_CHECKS, FOREIGN_KEY_CHECKS=0 */;
/*!40101 SET @OLD_SQL_MODE=@@SQL_MODE, SQL_MODE='NO_AUTO_VALUE_ON_ZERO' */;
/*!40111 SET @OLD_SQL_NOTES=@@SQL_NOTES, SQL_NOTES=0 */;

--
-- Table structure for table `aircon_history`
--

DROP TABLE IF EXISTS `aircon_history`;
/*!40101 SET @saved_cs_client     = @@character_set_client */;
/*!50503 SET character_set_client = utf8mb4 */;
CREATE TABLE `aircon_history` (
  `id` int NOT NULL AUTO_INCREMENT,
  `roomId` int NOT NULL,
  `time` datetime NOT NULL,
  `power` enum('on','off') NOT NULL DEFAULT 'off',
  `temperature` int NOT NULL DEFAULT '26',
  `windSpeed` enum('高','中','低') NOT NULL DEFAULT '低',
  `mode` enum('制冷','制热') NOT NULL DEFAULT '制冷',
  `sweep` enum('开','关') NOT NULL DEFAULT '关',
  `cost` decimal(10,2) NOT NULL DEFAULT '0.00',
  PRIMARY KEY (`id`),
  KEY `fk_roomId` (`roomId`),
  CONSTRAINT `fk_roomId` FOREIGN KEY (`roomId`) REFERENCES `rooms` (`roomId`)
) ENGINE=InnoDB AUTO_INCREMENT=15453 DEFAULT CHARSET=utf8mb4 COLLATE=utf8mb4_0900_ai_ci;
/*!40101 SET character_set_client = @saved_cs_client */;

--
-- Dumping data for table `aircon_history`
--

LOCK TABLES `aircon_history` WRITE;
/*!40000 ALTER TABLE `aircon_history` DISABLE KEYS */;
INSERT INTO `aircon_history` VALUES (15318,2001,'2024-11-25 00:01:00','on',10,'中','制热','关',0.50),(15319,2002,'2024-11-25 00:01:00','off',15,'中','制热','关',0.00),(15320,2003,'2024-11-25 00:01:00','off',18,'中','制热','关',0.00),(15321,2004,'2024-11-25 00:01:00','off',12,'中','制热','关',0.00),(15322,2005,'2024-11-25 00:01:00','off',14,'中','制热','关',0.00),(15323,2001,'2024-11-25 00:02:00','on',11,'中','制热','关',0.50),(15324,2002,'2024-11-25 00:02:00','on',15,'中','制热','关',0.50),(15325,2003,'2024-11-25 00:02:00','off',18,'中','制热','关',0.00),(15326,2004,'2024-11-25 00:02:00','off',12,'中','制热','关',0.00),(15327,2005,'2024-11-25 00:02:00','off',14,'中','制热','关',0.00),(15328,2001,'2024-11-25 00:03:00','on',12,'中','制热','关',0.50),(15329,2002,'2024-11-25 00:03:00','on',16,'中','制热','关',0.50),(15330,2003,'2024-11-25 00:03:00','on',18,'中','制热','关',0.50),(15331,2004,'2024-11-25 00:03:00','off',12,'中','制热','关',0.00),(15332,2005,'2024-11-25 00:03:00','off',14,'中','制热','关',0.00),(15333,2001,'2024-11-25 00:04:00','on',13,'中','制热','关',0.50),(15334,2002,'2024-11-25 00:04:00','on',17,'中','制热','关',0.50),(15335,2003,'2024-11-25 00:04:00','on',19,'中','制热','关',0.50),(15336,2004,'2024-11-25 00:04:00','on',12,'中','制热','关',0.50),(15337,2005,'2024-11-25 00:04:00','on',14,'中','制热','关',0.50),(15338,2001,'2024-11-25 00:05:00','on',14,'中','制热','关',0.50),(15339,2002,'2024-11-25 00:05:00','on',17,'中','制热','关',0.50),(15340,2003,'2024-11-25 00:05:00','on',20,'中','制热','关',0.50),(15341,2004,'2024-11-25 00:05:00','on',13,'中','制热','关',0.50),(15342,2005,'2024-11-25 00:05:00','on',14,'高','制热','关',1.00),(15343,2001,'2024-11-25 00:06:00','on',14,'高','制热','关',1.00),(15344,2002,'2024-11-25 00:06:00','on',18,'中','制热','关',0.50),(15345,2003,'2024-11-25 00:06:00','on',20,'中','制热','关',0.50),(15346,2004,'2024-11-25 00:06:00','on',14,'中','制热','关',0.50),(15347,2005,'2024-11-25 00:06:00','on',15,'高','制热','关',1.00),(15348,2001,'2024-11-25 00:07:00','on',15,'高','制热','关',1.00),(15349,2002,'2024-11-25 00:07:00','on',19,'中','制热','关',0.50),(15350,2003,'2024-11-25 00:07:00','on',20,'中','制热','关',0.50),(15351,2004,'2024-11-25 00:07:00','on',14,'中','制热','关',0.50),(15352,2005,'2024-11-25 00:07:00','on',16,'高','制热','关',1.00),(15353,2001,'2024-11-25 00:08:00','on',16,'高','制热','关',1.00),(15354,2002,'2024-11-25 00:08:00','on',19,'中','制热','关',0.50),(15355,2003,'2024-11-25 00:08:00','on',21,'中','制热','关',0.50),(15356,2004,'2024-11-25 00:08:00','on',14,'中','制热','关',0.50),(15357,2005,'2024-11-25 00:08:00','on',17,'高','制热','关',1.00),(15358,2001,'2024-11-25 00:09:00','on',17,'高','制热','关',1.00),(15359,2002,'2024-11-25 00:09:00','on',19,'中','制热','关',0.50),(15360,2003,'2024-11-25 00:09:00','on',22,'中','制热','关',0.50),(15361,2004,'2024-11-25 00:09:00','on',14,'中','制热','关',0.50),(15362,2005,'2024-11-25 00:09:00','on',18,'高','制热','关',1.00),(15363,2001,'2024-11-25 00:10:00','on',18,'高','制热','关',1.00),(15364,2002,'2024-11-25 00:10:00','on',19,'中','制热','关',0.50),(15365,2003,'2024-11-25 00:10:00','on',22,'中','制热','关',0.50),(15366,2004,'2024-11-25 00:10:00','on',15,'高','制热','关',1.00),(15367,2005,'2024-11-25 00:10:00','on',19,'高','制热','关',1.00),(15368,2001,'2024-11-25 00:11:00','on',19,'高','制热','关',1.00),(15369,2002,'2024-11-25 00:11:00','on',19,'中','制热','关',0.50),(15370,2003,'2024-11-25 00:11:00','on',22,'中','制热','关',0.50),(15371,2004,'2024-11-25 00:11:00','on',16,'高','制热','关',1.00),(15372,2005,'2024-11-25 00:11:00','on',20,'高','制热','关',1.00),(15373,2001,'2024-11-25 00:12:00','on',20,'高','制热','关',1.00),(15374,2002,'2024-11-25 00:12:00','on',19,'中','制热','关',0.50),(15375,2003,'2024-11-25 00:12:00','on',22,'中','制热','关',0.50),(15376,2004,'2024-11-25 00:12:00','on',17,'高','制热','关',1.00),(15377,2005,'2024-11-25 00:12:00','on',21,'中','制热','关',0.50),(15378,2001,'2024-11-25 00:13:00','on',21,'高','制热','关',1.00),(15379,2002,'2024-11-25 00:13:00','on',19,'高','制热','关',1.00),(15380,2003,'2024-11-25 00:13:00','on',22,'中','制热','关',0.50),(15381,2004,'2024-11-25 00:13:00','on',18,'高','制热','关',1.00),(15382,2005,'2024-11-25 00:13:00','on',22,'中','制热','关',0.50),(15383,2001,'2024-11-25 00:14:00','on',22,'高','制热','关',1.00),(15384,2002,'2024-11-25 00:14:00','on',20,'高','制热','关',1.00),(15385,2003,'2024-11-25 00:14:00','on',22,'中','制热','关',0.50),(15386,2004,'2024-11-25 00:14:00','on',19,'高','制热','关',1.00),(15387,2005,'2024-11-25 00:14:00','on',22,'中','制热','关',0.50),(15388,2001,'2024-11-25 00:15:00','off',23,'高','制热','关',0.00),(15389,2002,'2024-11-25 00:15:00','on',21,'高','制热','关',1.00),(15390,2003,'2024-11-25 00:15:00','on',22,'低','制热','关',0.33),(15391,2004,'2024-11-25 00:15:00','on',20,'高','制热','关',1.00),(15392,2005,'2024-11-25 00:15:00','on',22,'中','制热','关',0.50),(15393,2001,'2024-11-25 00:16:00','off',23,'高','制热','关',0.00),(15394,2002,'2024-11-25 00:16:00','on',22,'高','制热','关',1.00),(15395,2003,'2024-11-25 00:16:00','on',22,'低','制热','关',0.33),(15396,2004,'2024-11-25 00:16:00','on',21,'高','制热','关',1.00),(15397,2005,'2024-11-25 00:16:00','on',23,'中','制热','关',0.50),(15398,2001,'2024-11-25 00:17:00','off',23,'高','制热','关',0.00),(15399,2002,'2024-11-25 00:17:00','on',23,'高','制热','关',1.00),(15400,2003,'2024-11-25 00:17:00','on',22,'低','制热','关',0.33),(15401,2004,'2024-11-25 00:17:00','on',22,'高','制热','关',1.00),(15402,2005,'2024-11-25 00:17:00','off',24,'中','制热','关',0.00),(15403,2001,'2024-11-25 00:18:00','off',23,'高','制热','关',0.00),(15404,2002,'2024-11-25 00:18:00','on',24,'高','制热','关',1.00),(15405,2003,'2024-11-25 00:18:00','on',23,'高','制热','关',1.00),(15406,2004,'2024-11-25 00:18:00','on',23,'高','制热','关',1.00),(15407,2005,'2024-11-25 00:18:00','off',24,'中','制热','关',0.00),(15408,2001,'2024-11-25 00:19:00','on',23,'高','制热','关',1.00),(15409,2002,'2024-11-25 00:19:00','on',25,'高','制热','关',1.00),(15410,2003,'2024-11-25 00:19:00','on',24,'高','制热','关',1.00),(15411,2004,'2024-11-25 00:19:00','on',24,'中','制热','关',0.50),(15412,2005,'2024-11-25 00:19:00','off',24,'中','制热','关',0.00),(15413,2001,'2024-11-25 00:20:00','on',24,'高','制热','关',1.00),(15414,2002,'2024-11-25 00:20:00','on',26,'高','制热','关',1.00),(15415,2003,'2024-11-25 00:20:00','on',25,'高','制热','关',1.00),(15416,2004,'2024-11-25 00:20:00','on',24,'中','制热','关',0.50),(15417,2005,'2024-11-25 00:20:00','off',24,'中','制热','关',0.00),(15418,2001,'2024-11-25 00:21:00','on',25,'高','制热','关',1.00),(15419,2002,'2024-11-25 00:21:00','on',27,'中','制热','关',0.50),(15420,2003,'2024-11-25 00:21:00','on',26,'高','制热','关',1.00),(15421,2004,'2024-11-25 00:21:00','on',24,'中','制热','关',0.50),(15422,2005,'2024-11-25 00:21:00','on',24,'中','制热','关',0.50),(15423,2001,'2024-11-25 00:22:00','on',26,'高','制热','关',1.00),(15424,2002,'2024-11-25 00:22:00','on',27,'中','制热','关',0.50),(15425,2003,'2024-11-25 00:22:00','on',27,'高','制热','关',1.00),(15426,2004,'2024-11-25 00:22:00','on',25,'中','制热','关',0.50),(15427,2005,'2024-11-25 00:22:00','on',24,'中','制热','关',0.50),(15428,2001,'2024-11-25 00:23:00','on',27,'高','制热','关',1.00),(15429,2002,'2024-11-25 00:23:00','on',27,'中','制热','关',0.50),(15430,2003,'2024-11-25 00:23:00','on',28,'高','制热','关',1.00),(15431,2004,'2024-11-25 00:23:00','on',26,'中','制热','关',0.50),(15432,2005,'2024-11-25 00:23:00','on',24,'中','制热','关',0.50),(15433,2001,'2024-11-25 00:24:00','on',28,'高','制热','关',1.00),(15434,2002,'2024-11-25 00:24:00','on',27,'中','制热','关',0.50),(15435,2003,'2024-11-25 00:24:00','on',29,'高','制热','关',1.00),(15436,2004,'2024-11-25 00:24:00','on',26,'中','制热','关',0.50),(15437,2005,'2024-11-25 00:24:00','on',25,'中','制热','关',0.50),(15438,2001,'2024-11-25 00:25:00','off',29,'高','制热','关',0.00),(15439,2002,'2024-11-25 00:25:00','on',27,'中','制热','关',0.50),(15440,2003,'2024-11-25 00:25:00','off',30,'高','制热','关',0.00),(15441,2004,'2024-11-25 00:25:00','on',26,'中','制热','关',0.50),(15442,2005,'2024-11-25 00:25:00','off',26,'中','制热','关',0.00),(15443,2001,'2024-11-25 00:26:00','off',29,'高','制热','关',0.00),(15444,2002,'2024-11-25 00:26:00','off',28,'中','制热','关',0.00),(15445,2003,'2024-11-25 00:26:00','off',30,'高','制热','关',0.00),(15446,2004,'2024-11-25 00:26:00','off',27,'中','制热','关',0.00),(15447,2005,'2024-11-25 00:26:00','off',26,'中','制热','关',0.00),(15448,2001,'2024-11-25 00:27:00','off',29,'高','制热','关',0.00),(15449,2002,'2024-11-25 00:27:00','off',28,'中','制热','关',0.00),(15450,2003,'2024-11-25 00:27:00','off',30,'高','制热','关',0.00),(15451,2004,'2024-11-25 00:27:00','off',27,'中','制热','关',0.00),(15452,2005,'2024-11-25 00:27:00','off',26,'中','制热','关',0.00);
/*!40000 ALTER TABLE `aircon_history` ENABLE KEYS */;
UNLOCK TABLES;

--
-- Table structure for table `central_settings`
--

DROP TABLE IF EXISTS `central_settings`;
/*!40101 SET @saved_cs_client     = @@character_set_client */;
/*!50503 SET character_set_client = utf8mb4 */;
CREATE TABLE `central_settings` (
  `mode` enum('制冷','制热') NOT NULL,
  `resourceLimit` int NOT NULL,
  `lowSpeedRate` float NOT NULL,
  `midSpeedRate` float NOT NULL,
  `highSpeedRate` float NOT NULL
) ENGINE=InnoDB DEFAULT CHARSET=utf8mb4 COLLATE=utf8mb4_0900_ai_ci;
/*!40101 SET character_set_client = @saved_cs_client */;

--
-- Dumping data for table `central_settings`
--

LOCK TABLES `central_settings` WRITE;
/*!40000 ALTER TABLE `central_settings` DISABLE KEYS */;
INSERT INTO `central_settings` VALUES ('制热',3,0.5,1,2);
/*!40000 ALTER TABLE `central_settings` ENABLE KEYS */;
UNLOCK TABLES;

--
-- Table structure for table `checkin_history`
--

DROP TABLE IF EXISTS `checkin_history`;
/*!40101 SET @saved_cs_client     = @@character_set_client */;
/*!50503 SET character_set_client = utf8mb4 */;
CREATE TABLE `checkin_history` (
  `id` int NOT NULL AUTO_INCREMENT,
  `roomId` varchar(45) DEFAULT NULL,
  `checkInTime` datetime NOT NULL,
  `checkOutTime` datetime DEFAULT NULL,
  PRIMARY KEY (`id`)
) ENGINE=InnoDB AUTO_INCREMENT=45 DEFAULT CHARSET=utf8mb4 COLLATE=utf8mb4_0900_ai_ci;
/*!40101 SET character_set_client = @saved_cs_client */;

--
-- Dumping data for table `checkin_history`
--

LOCK TABLES `checkin_history` WRITE;
/*!40000 ALTER TABLE `checkin_history` DISABLE KEYS */;
INSERT INTO `checkin_history` VALUES (1,'2001','2024-11-29 14:05:49','2024-11-30 05:53:40'),(2,'2002','2024-11-29 14:05:56','2024-11-30 05:53:38'),(3,'2003','2024-11-29 14:06:02','2024-11-30 05:53:41'),(4,'2001','2024-11-29 14:54:13','2024-11-30 05:53:40'),(5,'2003','2024-11-29 15:05:33','2024-11-30 05:53:41'),(6,'2001','2024-11-29 15:07:18','2024-11-30 05:53:40'),(7,'2001','2024-11-29 15:07:57','2024-11-30 05:53:40'),(8,'2001','2024-11-29 15:08:08','2024-11-30 05:53:40'),(9,'2001','2024-11-29 15:22:18','2024-11-30 05:53:40'),(10,'2001','2024-11-29 15:53:49','2024-11-30 05:53:40'),(11,'2001','2024-11-29 18:25:56','2024-11-30 05:53:40'),(12,'2001','2024-11-29 18:30:46','2024-11-30 05:53:40'),(13,'2002','2024-11-29 18:38:34','2024-11-30 05:53:38'),(14,'2001','2024-11-29 20:14:20','2024-11-30 05:53:40'),(15,'2002','2024-11-29 20:14:25','2024-11-30 05:53:38'),(16,'2003','2024-11-29 20:14:30','2024-11-30 05:53:41'),(17,'2004','2024-11-29 20:14:34','2024-11-30 05:53:42'),(18,'2005','2024-11-29 20:14:37','2024-11-30 05:53:44'),(19,'200','2024-11-30 04:32:19','2024-11-30 05:17:55'),(20,'2001','2024-11-30 04:32:30','2024-11-30 05:53:40'),(21,'2002','2024-11-30 04:32:35','2024-11-30 05:53:38'),(22,'2003','2024-11-30 04:32:39','2024-11-30 05:53:41'),(23,'2004','2024-11-30 04:32:43','2024-11-30 05:53:42'),(24,'2005','2024-11-30 04:32:47','2024-11-30 05:53:44'),(25,'2005','2024-11-30 05:02:49','2024-11-30 05:53:44'),(26,'2004','2024-11-30 05:02:53','2024-11-30 05:53:42'),(27,'2003','2024-11-30 05:03:00','2024-11-30 05:53:41'),(28,'2002','2024-11-30 05:03:06','2024-11-30 05:53:38'),(29,'2001','2024-11-30 05:03:10','2024-11-30 05:53:40'),(30,'2001','2024-11-30 05:08:39','2024-11-30 05:53:40'),(31,'2002','2024-11-30 05:08:44','2024-11-30 05:53:38'),(32,'2002','2024-11-30 05:10:57','2024-11-30 05:53:38'),(33,'2001','2024-11-30 05:11:02','2024-11-30 05:53:40'),(34,'2003','2024-11-30 05:11:06','2024-11-30 05:53:41'),(35,'2003','2024-11-30 05:16:21','2024-11-30 05:53:41'),(36,'2002','2024-11-30 05:16:25','2024-11-30 05:53:38'),(37,'2001','2024-11-30 05:16:28','2024-11-30 05:53:40'),(38,'2001','2024-11-30 05:18:09','2024-11-30 05:53:40'),(39,'2002','2024-11-30 05:18:15','2024-11-30 05:53:38'),(40,'2001','2024-11-30 05:53:51',NULL),(41,'2002','2024-11-30 05:53:55',NULL),(42,'2003','2024-11-30 05:53:58',NULL),(43,'2004','2024-11-30 05:54:02',NULL),(44,'2005','2024-11-30 05:54:06',NULL);
/*!40000 ALTER TABLE `checkin_history` ENABLE KEYS */;
UNLOCK TABLES;

--
-- Table structure for table `people`
--

DROP TABLE IF EXISTS `people`;
/*!40101 SET @saved_cs_client     = @@character_set_client */;
/*!50503 SET character_set_client = utf8mb4 */;
CREATE TABLE `people` (
  `peopleId` int NOT NULL AUTO_INCREMENT,
  `peopleName` varchar(20) NOT NULL,
  PRIMARY KEY (`peopleId`)
) ENGINE=InnoDB AUTO_INCREMENT=50 DEFAULT CHARSET=utf8mb4 COLLATE=utf8mb4_0900_ai_ci;
/*!40101 SET character_set_client = @saved_cs_client */;

--
-- Dumping data for table `people`
--

LOCK TABLES `people` WRITE;
/*!40000 ALTER TABLE `people` DISABLE KEYS */;
INSERT INTO `people` VALUES (1,'徐坤'),(2,'张三'),(3,'小李'),(4,'小王'),(5,'小李'),(6,'张三'),(7,'李四'),(8,'王五'),(9,'张三'),(10,'小李'),(11,'张三'),(12,'pk'),(13,'pk'),(14,'pk'),(15,'小李'),(16,'小李'),(17,'小李'),(18,'小李'),(19,'小李'),(20,'小李'),(21,'小李'),(22,'小李'),(23,'小李'),(24,'小李'),(25,'小李'),(26,'小李'),(27,'小李'),(28,'小李'),(29,'小李'),(30,'小李'),(31,'小李'),(32,'小李'),(33,'小李'),(34,'小李'),(35,'小李'),(36,'小李'),(37,'小李'),(38,'小李'),(39,'小李'),(40,'小李'),(41,'小李'),(42,'小李'),(43,'小李'),(44,'小李'),(45,'小李'),(46,'小李'),(47,'小李'),(48,'小李'),(49,'小李');
/*!40000 ALTER TABLE `people` ENABLE KEYS */;
UNLOCK TABLES;

--
-- Table structure for table `roompeople`
--

DROP TABLE IF EXISTS `roompeople`;
/*!40101 SET @saved_cs_client     = @@character_set_client */;
/*!50503 SET character_set_client = utf8mb4 */;
CREATE TABLE `roompeople` (
  `roomId` int NOT NULL,
  `peopleId` int NOT NULL,
  PRIMARY KEY (`roomId`,`peopleId`),
  KEY `peopleId` (`peopleId`),
  CONSTRAINT `roompeople_ibfk_1` FOREIGN KEY (`roomId`) REFERENCES `rooms` (`roomId`),
  CONSTRAINT `roompeople_ibfk_2` FOREIGN KEY (`peopleId`) REFERENCES `people` (`peopleId`)
) ENGINE=InnoDB DEFAULT CHARSET=utf8mb4 COLLATE=utf8mb4_0900_ai_ci;
/*!40101 SET character_set_client = @saved_cs_client */;

--
-- Dumping data for table `roompeople`
--

LOCK TABLES `roompeople` WRITE;
/*!40000 ALTER TABLE `roompeople` DISABLE KEYS */;
INSERT INTO `roompeople` VALUES (2001,45),(2002,46),(2003,47),(2004,48),(2005,49);
/*!40000 ALTER TABLE `roompeople` ENABLE KEYS */;
UNLOCK TABLES;

--
-- Table structure for table `rooms`
--

DROP TABLE IF EXISTS `rooms`;
/*!40101 SET @saved_cs_client     = @@character_set_client */;
/*!50503 SET character_set_client = utf8mb4 */;
CREATE TABLE `rooms` (
  `roomId` int NOT NULL,
  `roomLevel` enum('标准间','大床房') NOT NULL,
  `cost` decimal(10,2) NOT NULL DEFAULT '0.00',
  `checkInTime` datetime DEFAULT NULL,
  `checkedIn` tinyint NOT NULL DEFAULT '0',
  PRIMARY KEY (`roomId`)
) ENGINE=InnoDB DEFAULT CHARSET=utf8mb4 COLLATE=utf8mb4_0900_ai_ci;
/*!40101 SET character_set_client = @saved_cs_client */;

--
-- Dumping data for table `rooms`
--

LOCK TABLES `rooms` WRITE;
/*!40000 ALTER TABLE `rooms` DISABLE KEYS */;
INSERT INTO `rooms` VALUES (2001,'标准间',17.50,'2024-11-30 05:53:52',1),(2002,'标准间',16.00,'2024-11-30 05:53:55',1),(2003,'标准间',13.99,'2024-11-30 05:53:58',1),(2004,'标准间',15.50,'2024-11-30 05:54:02',1),(2005,'标准间',12.00,'2024-11-30 05:54:06',1),(2006,'标准间',0.00,NULL,0),(2007,'标准间',0.00,NULL,0),(2008,'标准间',0.00,NULL,0),(2009,'标准间',0.00,NULL,0),(2010,'标准间',275.00,NULL,0),(3001,'标准间',0.00,NULL,0),(3002,'标准间',0.00,NULL,0),(3003,'标准间',0.00,NULL,0),(3004,'标准间',0.00,NULL,0),(3005,'标准间',0.00,NULL,0),(3006,'标准间',0.00,NULL,0),(3007,'标准间',0.00,NULL,0),(3008,'标准间',0.00,NULL,0),(3009,'标准间',0.00,NULL,0),(3010,'标准间',0.00,NULL,0),(4001,'标准间',0.00,NULL,0),(4002,'标准间',0.00,NULL,0),(4003,'标准间',0.00,NULL,0),(4004,'标准间',0.00,NULL,0),(4005,'标准间',0.00,NULL,0),(4006,'标准间',0.00,NULL,0),(4007,'标准间',0.00,NULL,0),(4008,'标准间',0.00,NULL,0),(4009,'标准间',0.00,NULL,0),(4010,'标准间',0.00,NULL,0),(5001,'大床房',0.00,NULL,0),(5002,'大床房',0.00,NULL,0),(5003,'大床房',0.00,NULL,0),(5004,'大床房',0.00,NULL,0),(5005,'大床房',0.00,NULL,0),(5006,'大床房',0.00,NULL,0),(5007,'大床房',0.00,NULL,0),(5008,'大床房',0.00,NULL,0),(5009,'大床房',0.00,NULL,0),(5010,'大床房',0.00,NULL,0);
/*!40000 ALTER TABLE `rooms` ENABLE KEYS */;
UNLOCK TABLES;

--
-- Table structure for table `schedule_history`
--

DROP TABLE IF EXISTS `schedule_history`;
/*!40101 SET @saved_cs_client     = @@character_set_client */;
/*!50503 SET character_set_client = utf8mb4 */;
CREATE TABLE `schedule_history` (
  `id` int NOT NULL AUTO_INCREMENT,
  `roomId` int NOT NULL,
  `requestTime` datetime DEFAULT NULL,
  `start_time` datetime DEFAULT NULL,
  `end_time` datetime DEFAULT NULL,
  `duration` int DEFAULT NULL,
  `status` enum('running','waiting','off') DEFAULT NULL,
  `target_temp` int DEFAULT NULL,
  `current_temp` int DEFAULT NULL,
  `wind_speed` enum('高','中','低') DEFAULT NULL,
  `mode` enum('制冷','制热') DEFAULT NULL,
  `remainTimeSlice` int DEFAULT '0',
  PRIMARY KEY (`id`)
) ENGINE=InnoDB AUTO_INCREMENT=871 DEFAULT CHARSET=utf8mb4 COLLATE=utf8mb4_0900_ai_ci;
/*!40101 SET character_set_client = @saved_cs_client */;

--
-- Dumping data for table `schedule_history`
--

LOCK TABLES `schedule_history` WRITE;
/*!40000 ALTER TABLE `schedule_history` DISABLE KEYS */;
INSERT INTO `schedule_history` VALUES (781,2001,'2024-11-25 00:01:00',NULL,NULL,NULL,'waiting',26,10,'中','制热',120),(782,2001,'2024-11-25 00:01:00','2024-11-25 00:01:00','2024-11-25 00:03:00',120,'running',24,10,'中','制热',0),(783,2002,'2024-11-25 00:02:00',NULL,NULL,NULL,'waiting',26,15,'中','制热',120),(784,2002,'2024-11-25 00:02:00','2024-11-25 00:02:00','2024-11-25 00:04:00',120,'running',25,15,'中','制热',0),(785,2003,'2024-11-25 00:03:00',NULL,NULL,NULL,'waiting',26,18,'中','制热',120),(786,2001,'2024-11-25 00:03:00',NULL,NULL,NULL,'waiting',24,10,'中','制热',120),(787,2003,'2024-11-25 00:03:00','2024-11-25 00:03:00','2024-11-25 00:05:00',120,'running',27,18,'中','制热',0),(788,2001,'2024-11-25 00:03:00','2024-11-25 00:03:00','2024-11-25 00:05:00',120,'running',24,12,'中','制热',0),(789,2004,'2024-11-25 00:04:00',NULL,NULL,NULL,'waiting',26,12,'中','制热',120),(790,2005,'2024-11-25 00:04:00',NULL,NULL,0,'waiting',26,14,'中','制热',120),(791,2002,'2024-11-25 00:04:00',NULL,NULL,NULL,'waiting',25,15,'中','制热',120),(792,2004,'2024-11-25 00:04:00','2024-11-25 00:04:00','2024-11-25 00:06:00',120,'running',26,12,'中','制热',0),(793,2005,'2024-11-25 00:05:00',NULL,NULL,0,'waiting',26,14,'高','制热',120),(794,2003,'2024-11-25 00:05:00',NULL,NULL,NULL,'waiting',27,18,'中','制热',120),(795,2001,'2024-11-25 00:05:00',NULL,NULL,0,'waiting',24,12,'中','制热',120),(796,2005,'2024-11-25 00:05:00','2024-11-25 00:05:00','2024-11-25 00:07:00',120,'running',26,14,'高','制热',0),(797,2002,'2024-11-25 00:04:00','2024-11-25 00:05:00','2024-11-25 00:07:00',120,'running',25,17,'中','制热',0),(798,2001,'2024-11-25 00:06:00',NULL,NULL,0,'waiting',24,14,'高','制热',120),(799,2004,'2024-11-25 00:06:00',NULL,NULL,NULL,'waiting',26,12,'中','制热',120),(800,2001,'2024-11-25 00:06:00','2024-11-25 00:06:00','2024-11-25 00:08:00',120,'running',24,14,'高','制热',0),(801,2005,'2024-11-25 00:07:00',NULL,NULL,NULL,'waiting',26,14,'高','制热',120),(802,2002,'2024-11-25 00:07:00',NULL,NULL,0,'waiting',25,17,'中','制热',120),(803,2005,'2024-11-25 00:07:00','2024-11-25 00:07:00','2024-11-25 00:09:00',120,'running',24,16,'高','制热',0),(804,2003,'2024-11-25 00:05:00','2024-11-25 00:07:00','2024-11-25 00:09:00',120,'running',27,20,'中','制热',0),(805,2001,'2024-11-25 00:08:00',NULL,NULL,NULL,'waiting',24,14,'高','制热',120),(806,2001,'2024-11-25 00:08:00','2024-11-25 00:08:00','2024-11-25 00:10:00',120,'running',28,16,'高','制热',0),(807,2005,'2024-11-25 00:09:00',NULL,NULL,NULL,'waiting',24,16,'高','制热',120),(808,2003,'2024-11-25 00:09:00',NULL,NULL,0,'waiting',27,20,'中','制热',120),(809,2005,'2024-11-25 00:09:00','2024-11-25 00:09:00','2024-11-25 00:11:00',120,'running',24,18,'高','制热',0),(810,2004,'2024-11-25 00:06:00','2024-11-25 00:09:00','2024-11-25 00:10:00',60,'running',26,14,'中','制热',120),(811,2004,'2024-11-25 00:10:00','2024-11-25 00:10:00','2024-11-25 00:11:00',60,'running',28,15,'高','制热',0),(812,2001,'2024-11-25 00:10:00',NULL,NULL,NULL,'waiting',28,16,'高','制热',120),(813,2001,'2024-11-25 00:10:00','2024-11-25 00:10:00','2024-11-25 00:12:00',120,'running',28,18,'高','制热',0),(814,2005,'2024-11-25 00:11:00',NULL,NULL,NULL,'waiting',24,18,'高','制热',120),(815,2004,'2024-11-25 00:11:00',NULL,NULL,NULL,'waiting',28,15,'高','制热',120),(816,2005,'2024-11-25 00:11:00','2024-11-25 00:11:00','2024-11-25 00:12:00',60,'running',24,20,'高','制热',120),(817,2004,'2024-11-25 00:11:00','2024-11-25 00:11:00','2024-11-25 00:13:00',120,'running',28,16,'高','制热',0),(818,2005,'2024-11-25 00:12:00','2024-11-25 00:12:00','2024-11-25 00:13:00',60,'running',24,21,'中','制热',0),(819,2001,'2024-11-25 00:12:00',NULL,NULL,NULL,'waiting',28,18,'高','制热',120),(820,2001,'2024-11-25 00:12:00','2024-11-25 00:12:00','2024-11-25 00:14:00',120,'running',28,20,'高','制热',0),(821,2002,'2024-11-25 00:13:00',NULL,NULL,0,'waiting',25,19,'高','制热',120),(822,2005,'2024-11-25 00:13:00',NULL,NULL,NULL,'waiting',24,21,'中','制热',120),(823,2004,'2024-11-25 00:13:00',NULL,NULL,NULL,'waiting',28,16,'高','制热',120),(824,2002,'2024-11-25 00:13:00','2024-11-25 00:13:00','2024-11-25 00:15:00',120,'running',25,19,'高','制热',0),(825,2004,'2024-11-25 00:13:00','2024-11-25 00:13:00','2024-11-25 00:15:00',120,'running',28,18,'高','制热',0),(826,2001,'2024-11-25 00:14:00',NULL,NULL,NULL,'waiting',28,20,'高','制热',120),(827,2001,'2024-11-25 00:14:00','2024-11-25 00:14:00','2024-11-25 00:14:00',0,'running',28,22,'高','制热',120),(828,2001,'2024-11-25 00:15:00',NULL,NULL,0,NULL,NULL,NULL,NULL,NULL,0),(829,2003,'2024-11-25 00:15:00',NULL,NULL,0,'waiting',27,22,'低','制热',120),(830,2002,'2024-11-25 00:15:00',NULL,NULL,NULL,'waiting',25,19,'高','制热',120),(831,2004,'2024-11-25 00:15:00',NULL,NULL,NULL,'waiting',28,18,'高','制热',120),(832,2002,'2024-11-25 00:15:00','2024-11-25 00:15:00','2024-11-25 00:17:00',120,'running',25,21,'高','制热',0),(833,2004,'2024-11-25 00:15:00','2024-11-25 00:15:00','2024-11-25 00:17:00',120,'running',28,20,'高','制热',0),(834,2005,'2024-11-25 00:13:00','2024-11-25 00:15:00','2024-11-25 00:16:00',60,'running',24,22,'中','制热',60),(835,2005,'2024-11-25 00:17:00',NULL,NULL,0,NULL,NULL,NULL,NULL,NULL,0),(836,2002,'2024-11-25 00:17:00',NULL,NULL,NULL,'waiting',25,21,'高','制热',120),(837,2004,'2024-11-25 00:17:00',NULL,NULL,NULL,'waiting',28,20,'高','制热',120),(838,2002,'2024-11-25 00:17:00','2024-11-25 00:17:00','2024-11-25 00:19:00',120,'running',25,23,'高','制热',0),(839,2004,'2024-11-25 00:17:00','2024-11-25 00:17:00','2024-11-25 00:19:00',120,'running',28,22,'高','制热',60),(840,2003,'2024-11-25 00:15:00','2024-11-25 00:17:00','2024-11-25 00:18:00',60,'running',27,22,'低','制热',120),(841,2003,'2024-11-25 00:18:00','2024-11-25 00:18:00','2024-11-25 00:19:00',60,'running',27,23,'高','制热',0),(842,2001,'2024-11-25 00:19:00',NULL,NULL,NULL,'waiting',28,23,'高','制热',120),(843,2004,'2024-11-25 00:19:00','2024-11-25 00:19:00','2024-11-25 00:19:00',0,'running',25,24,'中','制热',0),(844,2002,'2024-11-25 00:19:00',NULL,NULL,NULL,'waiting',25,23,'高','制热',120),(845,2004,'2024-11-25 00:19:00',NULL,NULL,NULL,'waiting',25,24,'中','制热',120),(846,2003,'2024-11-25 00:19:00',NULL,NULL,NULL,'waiting',27,23,'高','制热',120),(847,2001,'2024-11-25 00:19:00','2024-11-25 00:19:00','2024-11-25 00:21:00',120,'running',28,23,'高','制热',0),(848,2002,'2024-11-25 00:19:00','2024-11-25 00:19:00','2024-11-25 00:21:00',120,'running',25,25,'高','制热',60),(849,2003,'2024-11-25 00:19:00','2024-11-25 00:19:00','2024-11-25 00:21:00',120,'running',27,24,'高','制热',0),(850,2005,'2024-11-25 00:21:00',NULL,NULL,NULL,'waiting',24,24,'中','制热',120),(851,2002,'2024-11-25 00:21:00','2024-11-25 00:21:00','2024-11-25 00:21:00',0,'running',27,27,'中','制热',0),(852,2001,'2024-11-25 00:21:00',NULL,NULL,NULL,'waiting',28,23,'高','制热',120),(853,2002,'2024-11-25 00:21:00',NULL,NULL,NULL,'waiting',27,27,'中','制热',120),(854,2003,'2024-11-25 00:21:00',NULL,NULL,NULL,'waiting',27,24,'高','制热',120),(855,2001,'2024-11-25 00:21:00','2024-11-25 00:21:00','2024-11-25 00:23:00',120,'running',28,25,'高','制热',0),(856,2003,'2024-11-25 00:21:00','2024-11-25 00:21:00','2024-11-25 00:23:00',120,'running',27,26,'高','制热',0),(857,2004,'2024-11-25 00:19:00','2024-11-25 00:21:00','2024-11-25 00:23:00',120,'running',25,24,'中','制热',0),(858,2001,'2024-11-25 00:23:00',NULL,NULL,NULL,'waiting',28,25,'高','制热',120),(859,2003,'2024-11-25 00:23:00',NULL,NULL,NULL,'waiting',27,26,'高','制热',120),(860,2004,'2024-11-25 00:23:00',NULL,NULL,NULL,'waiting',25,24,'中','制热',120),(861,2001,'2024-11-25 00:23:00','2024-11-25 00:23:00','2024-11-25 00:24:00',60,'running',28,27,'高','制热',60),(862,2003,'2024-11-25 00:23:00','2024-11-25 00:23:00','2024-11-25 00:24:00',60,'running',27,28,'高','制热',60),(863,2005,'2024-11-25 00:21:00','2024-11-25 00:23:00','2024-11-25 00:24:00',60,'running',24,24,'中','制热',60),(864,2001,'2024-11-25 00:25:00',NULL,NULL,0,NULL,NULL,NULL,NULL,NULL,0),(865,2003,'2024-11-25 00:25:00',NULL,NULL,0,NULL,NULL,NULL,NULL,NULL,0),(866,2005,'2024-11-25 00:25:00',NULL,NULL,0,NULL,NULL,NULL,NULL,NULL,0),(867,2002,'2024-11-25 00:21:00','2024-11-25 00:25:00','2024-11-25 00:25:00',0,'running',27,27,'中','制热',120),(868,2004,'2024-11-25 00:23:00','2024-11-25 00:25:00','2024-11-25 00:25:00',0,'running',25,26,'中','制热',120),(869,2002,'2024-11-25 00:26:00',NULL,NULL,0,NULL,NULL,NULL,NULL,NULL,0),(870,2004,'2024-11-25 00:26:00',NULL,NULL,0,NULL,NULL,NULL,NULL,NULL,0);
/*!40000 ALTER TABLE `schedule_history` ENABLE KEYS */;
UNLOCK TABLES;

--
-- Table structure for table `settings`
--

DROP TABLE IF EXISTS `settings`;
/*!40101 SET @saved_cs_client     = @@character_set_client */;
/*!50503 SET character_set_client = utf8mb4 */;
CREATE TABLE `settings` (
  `roomId` int NOT NULL,
  `power` enum('on','off') NOT NULL DEFAULT 'off',
  `roomTemperature` int NOT NULL DEFAULT '26',
  `setTemperature` int NOT NULL DEFAULT '26',
  `initTemperature` int NOT NULL DEFAULT '26',
  `windSpeed` enum('高','中','低') NOT NULL DEFAULT '低',
  `mode` enum('制冷','制热') NOT NULL DEFAULT '制冷',
  `sweep` enum('开','关') NOT NULL DEFAULT '关',
  `cost` decimal(10,2) NOT NULL DEFAULT '0.00',
  `totalCost` decimal(10,2) NOT NULL DEFAULT '0.00',
  PRIMARY KEY (`roomId`)
) ENGINE=InnoDB DEFAULT CHARSET=utf8mb4 COLLATE=utf8mb4_0900_ai_ci;
/*!40101 SET character_set_client = @saved_cs_client */;

--
-- Dumping data for table `settings`
--

LOCK TABLES `settings` WRITE;
/*!40000 ALTER TABLE `settings` DISABLE KEYS */;
INSERT INTO `settings` VALUES (2001,'off',29,28,10,'高','制热','关',1.00,17.50),(2002,'off',28,27,15,'中','制热','关',0.50,16.00),(2003,'off',30,27,18,'高','制热','关',1.00,13.99),(2004,'off',27,25,12,'中','制热','关',0.50,15.50),(2005,'off',26,24,14,'中','制热','关',0.50,12.00),(2006,'off',26,26,26,'低','制热','关',12.00,24.00),(2007,'off',26,26,26,'低','制热','关',12.00,24.00),(2008,'off',26,26,26,'低','制热','关',12.00,24.00),(2009,'off',26,26,26,'低','制热','关',12.00,24.00),(2010,'on',26,23,26,'中','制热','开',0.50,275.00),(3001,'off',26,26,26,'低','制热','关',12.00,24.00),(3002,'off',26,26,26,'低','制热','关',12.00,24.00),(3003,'off',26,26,26,'低','制热','关',12.00,24.00),(3004,'off',26,26,26,'低','制热','关',12.00,24.00),(3005,'off',26,26,26,'低','制热','关',12.00,24.00),(3006,'off',26,26,26,'低','制热','关',12.00,24.00),(3007,'off',26,26,26,'低','制热','关',12.00,24.00),(3008,'off',26,26,26,'低','制热','关',12.00,24.00),(3009,'off',26,26,26,'低','制热','关',12.00,24.00),(3010,'off',26,26,26,'低','制热','关',12.00,24.00),(4001,'off',26,26,26,'低','制热','关',12.00,24.00),(4002,'off',26,26,26,'低','制热','关',12.00,24.00),(4003,'off',26,26,26,'低','制热','关',12.00,24.00),(4004,'off',26,26,26,'低','制热','关',12.00,24.00),(4005,'off',26,26,26,'低','制热','关',12.00,24.00),(4006,'off',26,26,26,'低','制热','关',12.00,24.00),(4007,'off',26,26,26,'低','制热','关',12.00,24.00),(4008,'off',26,26,26,'低','制热','关',12.00,24.00),(4009,'off',26,26,26,'低','制热','关',12.00,24.00),(4010,'off',26,26,26,'低','制热','关',12.00,24.00),(5001,'off',26,26,26,'低','制热','关',12.00,24.00),(5002,'off',26,26,26,'低','制热','关',12.00,24.00),(5003,'off',26,26,26,'低','制热','关',12.00,24.00),(5004,'off',26,26,26,'低','制热','关',12.00,24.00),(5005,'off',26,26,26,'低','制热','关',12.00,24.00),(5006,'off',26,26,26,'低','制热','关',12.00,24.00),(5007,'off',26,26,26,'低','制热','关',12.00,24.00),(5008,'off',26,26,26,'低','制热','关',12.00,24.00),(5009,'off',26,26,26,'低','制热','关',12.00,24.00),(5010,'off',26,26,26,'低','制热','关',12.00,24.00);
/*!40000 ALTER TABLE `settings` ENABLE KEYS */;
UNLOCK TABLES;

--
-- Table structure for table `settings_history`
--

DROP TABLE IF EXISTS `settings_history`;
/*!40101 SET @saved_cs_client     = @@character_set_client */;
/*!50503 SET character_set_client = utf8mb4 */;
CREATE TABLE `settings_history` (
  `id` int NOT NULL AUTO_INCREMENT,
  `roomId` int NOT NULL,
  `startTime` datetime NOT NULL,
  `changedSetting` varchar(45) DEFAULT NULL,
  `costPerHour` decimal(10,2) DEFAULT NULL,
  PRIMARY KEY (`id`)
) ENGINE=InnoDB AUTO_INCREMENT=78 DEFAULT CHARSET=utf8mb4 COLLATE=utf8mb4_0900_ai_ci;
/*!40101 SET character_set_client = @saved_cs_client */;

--
-- Dumping data for table `settings_history`
--

LOCK TABLES `settings_history` WRITE;
/*!40000 ALTER TABLE `settings_history` DISABLE KEYS */;
INSERT INTO `settings_history` VALUES (60,101,'2024-10-03 17:37:28','isOn: true',5.00),(61,101,'2024-10-03 18:03:10','temperature: 24',5.00),(62,101,'2024-10-04 11:58:32','isOn: false',0.00),(63,101,'2024-10-04 12:17:59','isOn: true',5.00),(64,101,'2024-10-04 12:26:10','isOn: false',0.00),(65,101,'2024-10-04 12:35:41','isOn: true',5.00),(66,101,'2024-10-04 12:35:44','mode: forcedHeating',8.00),(67,101,'2024-10-05 17:21:12','isOn: false',0.00),(68,101,'2024-10-05 19:11:12','isOn: true',5.00),(69,101,'2024-10-05 19:12:18','isOn: false',0.00),(70,101,'2024-10-05 19:12:57','isOn: true',0.00),(71,101,'2024-10-05 19:13:04','mode: strongCooling',10.00),(74,101,'2024-10-08 09:24:05','isOn: false',5.00),(77,2002,'2024-11-27 08:30:49','power: on',8.00);
/*!40000 ALTER TABLE `settings_history` ENABLE KEYS */;
UNLOCK TABLES;

--
-- Table structure for table `users`
--

DROP TABLE IF EXISTS `users`;
/*!40101 SET @saved_cs_client     = @@character_set_client */;
/*!50503 SET character_set_client = utf8mb4 */;
CREATE TABLE `users` (
  `id` int NOT NULL AUTO_INCREMENT,
  `username` varchar(45) NOT NULL,
  `password` varchar(45) DEFAULT NULL,
  `role` enum('房间','前台服务','空调管理','酒店经理') NOT NULL,
  PRIMARY KEY (`id`),
  UNIQUE KEY `username_UNIQUE` (`username`)
) ENGINE=InnoDB AUTO_INCREMENT=15 DEFAULT CHARSET=utf8mb4 COLLATE=utf8mb4_0900_ai_ci;
/*!40101 SET character_set_client = @saved_cs_client */;

--
-- Dumping data for table `users`
--

LOCK TABLES `users` WRITE;
/*!40000 ALTER TABLE `users` DISABLE KEYS */;
INSERT INTO `users` VALUES (5,'2001','123','房间'),(9,'z','1','酒店经理'),(10,'a','1','前台服务'),(11,'q','1','空调管理'),(12,'front_desk','front_desk','前台服务'),(13,'ac_manager','ac_manager','空调管理'),(14,'manager','manager','酒店经理');
/*!40000 ALTER TABLE `users` ENABLE KEYS */;
UNLOCK TABLES;
/*!40103 SET TIME_ZONE=@OLD_TIME_ZONE */;

/*!40101 SET SQL_MODE=@OLD_SQL_MODE */;
/*!40014 SET FOREIGN_KEY_CHECKS=@OLD_FOREIGN_KEY_CHECKS */;
/*!40014 SET UNIQUE_CHECKS=@OLD_UNIQUE_CHECKS */;
/*!40101 SET CHARACTER_SET_CLIENT=@OLD_CHARACTER_SET_CLIENT */;
/*!40101 SET CHARACTER_SET_RESULTS=@OLD_CHARACTER_SET_RESULTS */;
/*!40101 SET COLLATION_CONNECTION=@OLD_COLLATION_CONNECTION */;
/*!40111 SET SQL_NOTES=@OLD_SQL_NOTES */;

-- Dump completed on 2024-11-30  6:22:21
